name,week_k_max,rsi_max,require_k_cross,require_macd_improve,require_close_ma20,require_twii_ma20,stop_loss,take_profit,max_hold,trades_train,win_rate_train,avg_return_train,profit_factor_train,max_drawdown_train,cagr_train,total_return_train,trades_test,win_rate_test,avg_return_test,profit_factor_test,max_drawdown_test,cagr_test,total_return_test,score,description,wf_windows,wf_positive_windows,wf_median_pf,wf_median_return,final_score
S05910,40,40,False,True,False,False,0.05,0.15,20,16,0.625,0.05012690595753293,4.021410778262406,-0.1041173813965447,0.11374601209979329,1.086109839292233,5,0.8,0.08281740832745592,8.842854684595617,-0.05279800000000001,0.2538050405183807,0.46623766836380365,15.349117793214054,周KD<40｜RSI<40｜MACD改善｜停損5%｜停利15%｜最長20日,4,4,4.064611069561453,0.4423215432429617,15.899117793214055
S05911,40,40,False,True,False,False,0.05,0.15,30,16,0.625,0.05756413343966642,3.9073895950435693,-0.15017829481359346,0.13013244557908488,1.3047950671220252,5,0.6,0.07558652388829795,6.935488521678293,-0.05279800000000001,0.22748272118762536,0.41453371895239144,15.045626551471104,周KD<40｜RSI<40｜MACD改善｜停損5%｜停利15%｜最長30日,4,4,4.365547988111196,0.4293722700957028,15.595626551471105
S05912,40,40,False,True,False,False,0.05,0.15,40,16,0.5625,0.054710293181822564,3.6338994359021646,-0.15017829481359346,0.1222338478401026,1.1970608946784478,5,0.6,0.07597134473614976,7.151597983381139,-0.05279800000000001,0.22889338033223194,0.4172853543598163,14.446769519649225,周KD<40｜RSI<40｜MACD改善｜停損5%｜停利15%｜最長40日,4,4,3.9482175281115968,0.46614246158206285,14.996769519649225
S05909,40,40,False,True,False,False,0.05,0.15,10,17,0.6470588235294118,0.033144886191321395,3.0718695900834163,-0.06034601656399341,0.07886046558441318,0.6788166139701659,5,0.8,0.07347803135272785,7.95841048455697,-0.05279800000000001,0.2236580220173474,0.4070842581343681,13.19983314221821,周KD<40｜RSI<40｜MACD改善｜停損5%｜停利15%｜最長10日,4,4,3.484117584130043,0.38633455495986,13.749833142218211
S05922,40,40,False,True,False,False,0.07,0.15,20,16,0.625,0.0438769059575329,2.9210080723101455,-0.14155076596967808,0.09646985781215545,0.8749769722106759,5,0.8,0.07881740832745593,6.413432259640091,-0.07279800000000003,0.2359699082337987,0.43527832350676565,12.852561575549917,周KD<40｜RSI<40｜MACD改善｜停損7%｜停利15%｜最長20日,4,4,2.949873834683797,0.3688136828484502,13.402561575549917
S05923,40,40,False,True,False,False,0.07,0.15,30,16,0.625,0.05006413343966638,2.8339014236532623,-0.20288115014183383,0.10912880872224884,1.0277893411679768,5,0.6,0.07158652388829795,5.277735846840795,-0.07279800000000003,0.21022808437283858,0.38466609369500415,12.609443300782853,周KD<40｜RSI<40｜MACD改善｜停損7%｜停利15%｜最長30日,4,4,3.166188668319111,0.34135496837761037,13.159443300782854
S05924,40,40,False,True,False,False,0.07,0.15,40,16,0.5625,0.04721029318182253,2.669884301063814,-0.20288115014183394,0.10137700729836818,0.9330033839794143,5,0.6,0.07197134473614976,5.401956076961711,-0.07279800000000003,0.2116077452662073,0.3873596288153216,12.251364952872805,周KD<40｜RSI<40｜MACD改善｜停損7%｜停利15%｜最長40日,4,4,2.9312560214995154,0.3745138843387361,12.801364952872806
S06485,40,45,False,True,False,False,0.05,0.15,10,22,0.5909090909090909,0.024155996912713095,2.3860602987283284,-0.1365958562815307,0.07211370445135601,0.6170595504236236,6,0.8333333333333334,0.06917688868814753,8.861307855011267,-0.05279800000000001,0.25780531809242424,0.47416161855756833,11.779347293387172,周KD<40｜RSI<45｜MACD改善｜停損5%｜停利15%｜最長10日,4,4,3.031856298137627,0.3647081626503327,12.329347293387173
S06487,40,45,False,True,False,False,0.05,0.15,30,20,0.5,0.03549170675173313,2.3444337570261418,-0.2778030693940684,0.09367173876799884,0.8552512860269326,5,0.6,0.07558652388829795,6.935488521678293,-0.05279800000000001,0.22748272118762536,0.41453371895239144,11.607123707832763,周KD<40｜RSI<45｜MACD改善｜停損5%｜停利15%｜最長30日,4,4,3.8808657871923935,0.3209277108531954,12.157123707832763
S06486,40,45,False,True,False,False,0.05,0.15,20,21,0.5238095238095238,0.02969299803829085,2.30822347993924,-0.19622161419797313,0.0830281921632825,0.734154776678555,6,0.6666666666666666,0.06372297766672226,5.522183776334877,-0.05279800000000001,0.23012309919442497,0.4196858311054148,11.552741854255176,周KD<40｜RSI<45｜MACD改善｜停損5%｜停利15%｜最長20日,4,4,2.763308510787674,0.3669495592198052,12.102741854255177
S05918,40,40,False,True,False,False,0.07,0.1,20,16,0.625,0.030118504203932424,2.318641058183549,-0.14155076596967808,0.06544687271770688,0.5408717474495572,5,0.8,0.04881740832745606,4.352936092162978,-0.07279799999999992,0.14353444793446068,0.25567200328642214,11.342483223872732,周KD<40｜RSI<40｜MACD改善｜停損7%｜停利10%｜最長20日,4,4,2.3640342916654977,0.20176625687206917,11.892483223872732
S06488,40,45,False,True,False,False,0.05,0.15,40,20,0.45,0.03320863454545805,2.2219445030382667,-0.2778030693940685,0.08611257122174609,0.7685303602378231,5,0.6,0.07597134473614976,7.151597983381139,-0.05279800000000001,0.22889338033223194,0.4172853543598163,11.34046866734865,周KD<40｜RSI<45｜MACD改善｜停損5%｜停利15%｜最長40日,4,4,3.4254633518170405,0.3523824356388824,11.890468667348651
S05921,40,40,False,True,False,False,0.07,0.15,10,17,0.6470588235294118,0.027262533250144907,2.2460066188208656,-0.08541502617599428,0.06212544731653291,0.5089054432659768,5,0.8,0.06947803135272784,5.771973910871713,-0.07279799999999992,0.2064873662354998,0.37737392690334515,11.308593293876903,周KD<40｜RSI<40｜MACD改善｜停損7%｜停利15%｜最長10日,4,4,2.537145265305557,0.3086691470231583,11.858593293876904
S05906,40,40,False,True,False,False,0.05,0.1,20,16,0.625,0.03636850420393245,3.1921199501947326,-0.1041173813965447,0.08224780801399967,0.7143825023365444,6,0.6666666666666666,0.03521484027288003,3.0009189897087007,-0.10280837119600006,0.12199932966395077,0.21503017667361202,11.261782178858095,周KD<40｜RSI<40｜MACD改善｜停損5%｜停利10%｜最長20日,4,4,2.5867579311878566,0.23259005462374316,11.811782178858095
S06497,40,45,False,True,False,False,0.07,0.15,10,21,0.6190476190476191,0.022106187241889893,2.0302167597696474,-0.15199498310043424,0.06071093389146642,0.5020138159253489,6,0.8333333333333334,0.0658435553548142,6.42681573846651,-0.07279800000000003,0.23988158434119566,0.4430349609162718,10.920644040175615,周KD<40｜RSI<45｜MACD改善｜停損7%｜停利15%｜最長10日,4,4,2.375895313730931,0.3012889222276348,11.470644040175616
S06498,40,45,False,True,False,False,0.07,0.15,20,20,0.55,0.026188612707418485,1.9086615618503233,-0.20404415330861736,0.06613440216986444,0.5558277693472282,6,0.6666666666666666,0.06038964433338892,4.465783401539218,-0.07279799999999992,0.2128104315437045,0.38970941992584796,10.599080299158121,周KD<40｜RSI<45｜MACD改善｜停損7%｜停利15%｜最長20日,4,4,2.1947163201692668,0.30593074718469215,11.149080299158122
S06499,40,45,False,True,False,False,0.07,0.15,30,19,0.5263157894736842,0.03066484921235064,1.889267615768842,-0.31471409595837174,0.07204929181169084,0.6163891073864669,5,0.6,0.07158652388829795,5.277735846840795,-0.07279800000000003,0.21022808437283858,0.38466609369500415,10.53124892343713,周KD<40｜RSI<45｜MACD改善｜停損7%｜停利15%｜最長30日,4,3,2.8983607887555873,0.2502994960385273,11.01874892343713
S05905,40,40,False,True,False,False,0.05,0.1,10,17,0.6470588235294118,0.025664900322505606,2.604299565362349,-0.06034601656399363,0.06110697165272394,0.4985704779150828,6,0.6666666666666666,0.0357653594606066,3.0321996738857475,-0.10280837119599995,0.12424464254560452,0.2191470748315596,10.440631097325,周KD<40｜RSI<40｜MACD改善｜停損5%｜停利10%｜最長10日,4,4,2.6397939578969303,0.24577465836246315,10.990631097325
S05917,40,40,False,True,False,False,0.07,0.1,10,17,0.6470588235294118,0.01978254738132912,1.9041413997777499,-0.08541502617599439,0.044634229050549035,0.34690181907143547,5,0.8,0.04947803135272794,4.398309799220307,-0.07279799999999992,0.14581546695727687,0.2599266085271481,10.435146013425605,周KD<40｜RSI<40｜MACD改善｜停損7%｜停利10%｜最長10日,4,4,2.074010031341029,0.19477785344381748,10.985146013425606
S05920,40,40,False,True,False,False,0.07,0.1,40,16,0.625,0.03345200000000002,2.22538164967902,-0.20288115014183394,0.0719942240849738,0.6066159129605375,5,0.6,0.04197134473614989,3.567077448627286,-0.07279799999999992,0.12088629922498195,0.21374970684215922,10.442632400684738,周KD<40｜RSI<40｜MACD改善｜停損7%｜停利10%｜最長40日,4,3,2.451153219217349,0.1517220942374884,10.93013240068474
S06500,40,45,False,True,False,False,0.07,0.15,40,19,0.47368421052631576,0.02826161531100845,1.800565153637995,-0.31471409595837174,0.06463957285545718,0.5408334342096146,5,0.6,0.07197134473614976,5.401956076961711,-0.07279800000000003,0.2116077452662073,0.3873596288153216,10.338862828536005,周KD<40｜RSI<45｜MACD改善｜停損7%｜停利15%｜最長40日,4,3,2.6423901578376414,0.27899528047407696,10.826362828536006
S05919,40,40,False,True,False,False,0.07,0.1,30,16,0.625,0.03345200000000002,2.22538164967902,-0.20288115014183394,0.0719942240849738,0.6066159129605375,5,0.6,0.04158652388829808,3.4850510168653983,-0.07279800000000003,0.11960377069614658,0.21139323243224184,10.317027695984235,周KD<40｜RSI<40｜MACD改善｜停損7%｜停利10%｜最長30日,4,3,2.410140003336405,0.1505438570325297,10.804527695984236
S06493,40,45,False,True,False,False,0.07,0.1,10,21,0.6190476190476191,0.016050960586181877,1.7480244524009076,-0.15199498310043436,0.04343448121395799,0.3407501112603999,6,0.8333333333333334,0.04917688868814762,5.0531516268151035,-0.07279799999999992,0.17768592876190414,0.31998879082958553,10.175429652805805,周KD<40｜RSI<45｜MACD改善｜停損7%｜停利10%｜最長10日,4,4,2.025902798274245,0.19717786395069747,10.725429652805806
S06481,40,45,False,True,False,False,0.05,0.1,10,22,0.5909090909090909,0.01837600783226453,2.0544071104768977,-0.1365958562815306,0.0546604815118823,0.44344396113924955,7,0.7142857142857143,0.037466190304126505,3.483648359112896,-0.10280837119600006,0.1556177173582336,0.2772652488318814,9.990786874042987,周KD<40｜RSI<45｜MACD改善｜停損5%｜停利10%｜最長10日,4,4,2.5391586790609564,0.24579808647169488,10.540786874042988
S06510,40,45,False,True,False,False,0.09,0.15,20,20,0.55,0.0191886127074185,1.535679261401887,-0.263374329218548,0.04281506998229867,0.3355771907811911,5,0.8,0.08702717320006673,14.705422495882722,-0.031749175636946125,0.2644246299946964,0.4988205589783541,9.943845283799652,周KD<40｜RSI<45｜MACD改善｜停損9%｜停利15%｜最長20日,4,3,1.7966115753975904,0.2124002487422335,10.400837020109291
S05908,40,40,False,True,False,False,0.05,0.1,40,16,0.625,0.04095200000000006,3.0683611752970466,-0.15017829481359357,0.09231109364606205,0.8260873335187608,6,0.5,0.029509787280124888,2.5457261784843723,-0.10280837119599995,0.09970649694562117,0.1744647622007871,9.532983111891419,周KD<40｜RSI<40｜MACD改善｜停損5%｜停利10%｜最長40日,4,4,2.1933714418313004,0.19343246079429155,10.08298311189142
S05907,40,40,False,True,False,False,0.05,0.1,30,16,0.625,0.04095200000000006,3.0683611752970466,-0.15017829481359357,0.09231109364606205,0.8260873335187608,6,0.5,0.02918910324024838,2.50367084687822,-0.10280837119600006,0.09844413273150132,0.17218455884265293,9.374853656520417,周KD<40｜RSI<40｜MACD改善｜停損5%｜停利10%｜最長30日,4,4,2.172343776028224,0.19229235911522446,9.924853656520417
S05930,40,40,False,True,False,False,0.09,0.1,20,16,0.625,0.02386850420393246,1.8204895924145081,-0.18197893857796066,0.04854893947126593,0.3817029616325145,5,0.8,0.04481740832745606,3.4147830948649798,-0.09279799999999983,0.12938130298827621,0.22858681573750794,9.300418351585941,周KD<40｜RSI<40｜MACD改善｜停損9%｜停利10%｜最長20日,4,4,1.85519922215515,0.14028363679163836,9.828698234909213
S06505,40,45,False,True,False,False,0.09,0.1,10,21,0.6190476190476191,0.010336674871896176,1.3804151886643083,-0.22282829855537956,0.023825832532446523,0.17632053118889202,6,0.8333333333333334,0.045843555354814276,3.9640868567090433,-0.09279799999999983,0.16322087623463966,0.2915162726333438,9.243889452594322,周KD<40｜RSI<45｜MACD改善｜停損9%｜停利10%｜最長10日,4,4,1.6009292907803845,0.12197905551969657,9.73402884621138
S05794,40,40,False,False,False,False,0.09,0.2,20,24,0.5416666666666666,0.017441474997485735,1.4174079220755664,-0.32264553810933194,0.04216440758821238,0.33028720041443793,5,0.8,0.05174904762611149,3.78826308897344,-0.09279800000000005,0.1435682286406501,0.25896767233261064,9.002232519307706,周KD<40｜RSI<40｜停損9%｜停利20%｜最長20日,4,3,1.4235486324990991,0.14850564053838755,9.40326481418257
